 <!DOCTYPE struts-config PUBLIC
       "-//Apache Software Foundation//DTD Struts Configuration 1.3//EN"
       "http://struts.apache.org/dtds/struts-config_1_3.dtd">

<struts-config>
    <form-beans>      
        <form-bean name="loginForm" type="com.montran.beans.AdminLoginForm"/>
        <form-bean name="userregForm" type="com.montran.beans.UserRegForm"/>
        <form-bean name="userlogin" type="com.montran.beans.UserLoginForm"/>
        <form-bean name="propertyadd" type="com.montran.beans.PropertyDetailsForm"/> 
   		<form-bean name="propertyshow" type="com.montran.beans.PropertyShowForm"/>
   		<form-bean name="propertyupdate" type="com.montran.beans.PropertyUpdateForm"/>
   		<form-bean name="propertydelete" type="com.montran.beans.PropertyDeleteForm"/>
   		<form-bean name="finalpropertyshow" type="com.montran.beans.FinalPropertyShowForm"/>
   		<form-bean name="requestadd" type="com.montran.beans.AdminRequestForm"/>
   		<form-bean name="requestreject" type="com.montran.beans.AdminRejectForm"/>
   		<form-bean name="text" type="com.montran.beans.TextAreaActionForm"/>
   		<form-bean name="textshow" type="com.montran.beans.TextAreaShowForm"/>
   		<form-bean name="textdelete" type="com.montran.beans.TextAreaDeleteForm"/>
    </form-beans>
    
    <action-mappings>
        <action name="loginForm" path="/login" type="com.montran.action.AdminLogin" scope="request" input="/adminlogin.jsp">
            <forward name="failure" path="/failureAdmin.jsp" redirect="true"/>
            <forward name="success" path="/successAdmin.jsp" redirect="true"/>
        </action>

        <action name="userregForm" path="/Registration" type="com.montran.action.UserRegAction" scope="request" input="/userreg.jsp">
            <forward name="failure" path="/failureUser.jsp" redirect="true"/>
            <forward name="success" path="/successUser.jsp" redirect="true"/>
            <forward name="existed" path="/existedUser.jsp" redirect="true"/>
        </action>
        
         <action name="userlogin" path="/userlogin" type="com.montran.action.UserLoginAction" scope="request" input="/userlogin.jsp">
            <forward name="failure" path="/failureUserLogin.jsp" redirect="true"/>
            <forward name="success" path="/successUserLogin.jsp" redirect="true"/>
            <forward name="usernotexist" path="/Usernotexist.jsp" redirect="true"/>
        </action>
        
        <action name="propertyadd" path="/property" type="com.montran.action.PropertyAction" scope="request" input="/propertyadd.jsp">
            <forward name="failure" path="/failurePropAdd.jsp" redirect="true"/>
            <forward name="success" path="/successPropAdd.jsp" redirect="true"/>
            <forward name="existed" path="/existedPropAdd.jsp" redirect="true"/>
        </action>
        
         <action name="propertyshow" path="/show" type="com.montran.action.Propertyshow" scope="request">
         <forward name="show" path="Userview.jsp" redirect="true"/>   
        </action>
        
        <action name="propertyupdate" path="/update" type="com.montran.action.PropertyUpdate" scope="request" input="/Userview.jsp">
            <forward name="failure" path="/failureUpdate.jsp" redirect="true"/>
            <forward name="success" path="/successupdate.jsp" redirect="true"/>
        </action>
        
        <action name="propertydelete" path="/delete" type="com.montran.action.PropertyDelete" scope="request" input="/Userview.jsp">
            <forward name="failure" path="/failuredelete.jsp" redirect="true"/>
            <forward name="success" path="/successdelete.jsp" redirect="true"/>
        </action>
        
         <action name="finalpropertyshow" path="/finalshow" type="com.montran.action.FinalPropertyShow" scope="request">
         <forward name="finalpropshow" path="/finalview.jsp" redirect="true"/>   
        </action>
        
        <action name="requestadd" path="/adminapprove" type="com.montran.action.AdminRequestAdd" scope="request" input="/request.jsp">
            <forward name="success" path="/approve.jsp" redirect="true"/>
        </action>
        
        <action name="requestreject" path="/adminreject" type="com.montran.action.AdminRequestReject" scope="request" input="/request.jsp">
            <forward name="success" path="/successreject.jsp" redirect="true"/>
        </action>
        
       	<action name="text" path="/textmsg" type ="com.montran.action.TextAreaAction" scope="request" input="/request.jsp">
			<forward name ="success" path ="/successText.jsp"/>		
		</action>
		
		<action name="textshow" path="/textshow" type ="com.montran.action.TextAreaShow" scope="request">
			<forward name ="show" path ="/messageText.jsp"/>		
		</action>
		
		<action name="textdelete" path="/textdelete" type="com.montran.action.TextAreaDelete" scope="request" input="/messageText.jsp">
            <forward name="failure" path="/failuredelete.jsp" redirect="true"/>
            <forward name="success" path="/successdelete.jsp" redirect="true"/>
        </action>
		
    </action-mappings>
<message-resources parameter="com.montran.beans.Messages"/>

</struts-config>