<?xml version="1.0" encoding="utf-8"?>
<!DOCTYPE hibernate-mapping PUBLIC 
 "-//Hibernate/Hibernate Mapping DTD//EN"
 "http://www.hibernate.org/dtd/hibernate-mapping-3.0.dtd">
 <hibernate-mapping>
  <class name="com.montran.pojo.FinalPropertyAdd" table="finalproperty">
     
     <id name="id" type="int" column="id">
        </id>
        <property name="pname" column="pname" type="string" />
        <property name="paddress" column="paddress" type="string" />
        <property name="price" column="price" type="int" />
        <property name="pcontact" column="pcontact" type="int" />
 	
    </class>
 
 </hibernate-mapping>