<?xml version="1.0" encoding="UTF-8"?>
<!DOCTYPE hibernate-configuration PUBLIC
      "-//Hibernate/Hibernate Configuration DTD 3.0//EN"
      "http://hibernate.sourceforge.net/hibernate-configuration-3.0.dtd">

<hibernate-configuration>

<session-factory>
    <property name="dialect">org.hibernate.dialect.PostgreSQLDialect</property>
    <property name="connection.url">jdbc:postgresql://localhost:5432/example</property>
    <property name="connection.username">postgres</property>
    <property name="connection.password">pg123</property>
    <property name="connection.driver_class">org.postgresql.Driver</property>
    <property name="show_sql">true</property>
    <property name="format_sql">true</property>
    
     	<mapping resource="UserLogin.hbm.xml" />
     	<mapping resource="UserReg.hbm.xml" />
     	<mapping resource="Propertyadd.hbm.xml" />
		<mapping resource="Finalpropertyadd.hbm.xml" />
		<mapping resource="TextAdd.hbm.xml" />
</session-factory>

</hibernate-configuration>