<?xml version="1.0" encoding="utf-8"?>
<!DOCTYPE hibernate-mapping PUBLIC 
 "-//Hibernate/Hibernate Mapping DTD//EN"
 "http://www.hibernate.org/dtd/hibernate-mapping-3.0.dtd">
 <hibernate-mapping>
  <class name="com.montran.pojo.UserReg" table="userlogin">
     
     <id name="id" type="int" column="id">
        </id>
        <property name="userName" column="name" type="string" />
       <property name="userEmail" column="email" type="string" />
       <property name="userPhone" column="phone" type="int" />
       <property name="userAddress" column="address" type="string" />
 		<property name="userPassword" column="password" type="string" />
 
    </class>
 
 </hibernate-mapping>